1,NA,NA,NA,NA,NA,NA,NA,NA,NA,NA,NA,NA,NA,NA,NA,NA,NA,NA,0.0433147081700624,0.0433147081700622,0.0433147081700624,0.0433147081700624,0.043314708170062,NA,NA,NA,NA,NA,NA,NA,NA,NA,NA,NA,NA,NA,NA,NA,NA,NA,NA,NA,NA,NA,NA,NA,NA,NA,NA
1,NA,NA,NA,NA,NA,NA,NA,NA,NA,NA,NA,NA,NA,NA,NA,NA,NA,NA,NA,NA,-0.145197872667093,-0.145197872667093,-0.145197872667093,-0.145197872667093,-0.145197872667093,NA,NA,NA,0.00459134442987478,0.004591344429849,0.00459134442996659,0.00459134443032233,0.00459134443073932,0.00459134443088029,0.00459134443053748,0.00459134442977924,0.00459134442884565,0.00459134442796508,0.00459134442727124,0.00459134442681405,0.00459134442657812,0.00459134442649597,NA,NA,NA,NA,NA,NA,NA
1,NA,NA,NA,NA,NA,NA,NA,NA,NA,NA,NA,NA,NA,NA,NA,NA,NA,NA,NA,NA,NA,NA,NA,NA,NA,NA,NA,-0.346360527529698,-0.346360527529698,NA,NA,NA,NA,NA,NA,NA,NA,NA,NA,NA,NA,NA,NA,NA,NA,NA,NA,NA,NA
NA,NA,NA,NA,NA,NA,NA,NA,NA,NA,NA,NA,NA,NA,NA,NA,NA,NA,NA,NA,NA,NA,NA,NA,NA,NA,NA,NA,NA,NA,NA,NA,NA,NA,NA,NA,NA,NA,NA,NA,NA,NA,NA,NA,NA,NA,NA,NA,NA,NA
1,NA,NA,NA,NA,NA,NA,NA,NA,NA,NA,NA,NA,NA,NA,NA,NA,NA,NA,NA,NA,NA,NA,NA,NA,NA,NA,NA,NA,NA,0.10450791626612,0.0941358201082863,0.073002012852935,0.045338803771485,0.0188341946414683,0.0014607803943476,-0.00187510637020916,0.00767252226235815,0.0224111046448532,0.0324478082496715,NA,NA,NA,NA,NA,NA,NA,NA,NA,NA
NA,NA,NA,NA,NA,NA,NA,NA,NA,NA,NA,NA,NA,NA,NA,NA,NA,NA,NA,NA,NA,NA,NA,NA,NA,NA,NA,NA,NA,NA,NA,NA,NA,NA,NA,NA,NA,NA,NA,NA,NA,NA,NA,NA,NA,NA,NA,NA,NA,NA
1,NA,NA,NA,NA,NA,NA,NA,NA,NA,NA,NA,NA,NA,NA,NA,NA,NA,NA,NA,NA,NA,NA,NA,NA,NA,NA,NA,NA,NA,NA,NA,NA,NA,NA,0.0840103749016667,0.0794804783639713,0.243619218907499,0.137869970737674,0.0621493900484964,0.0198859624948887,0.0245608935183967,0.0350902434667031,0.03579700033653,0.0173032498922669,0.00629259356262466,0.0336946794393783,-0.0196383849994605,0.0273900918163553,0.137543428292267
